EGLL,1,A1726/24,A1679/24
EGLL,2,
EGLL,3,A1726/24,A1679/24,A1347/24,A1347/24,A1352/24,A1599/24
EGLL,4,J0614/24
EDDF,1,A1492/24,A1493/24,A1494/24,A0250/24
EDDF,2,A3170/22,A0250/24,A0222/24,A0711/24,A1169/24
EDDF,3,A1494/24,A1493/24,A1492/24,A0658/24
EDDF,4,
LFPG,1,A0706/24
LFPG,2,
LFPG,3,A1198/24
LFPG,4,A0472/24,P0952/24,P1003/24
EHAM,1,A0711/24,A0005/24
EHAM,2,A0711/24,A0005/24
EHAM,3,W0080/24,A0682/24,A2627/23,A0171/24,A0170/24,A0182/24,A0659/24,A0714/24,A0625/24
EHAM,4,A0389/24,A0639/24
LEMD,1,
LEMD,2,
LEMD,3,A1974/24,A1975/24,A1993/24
LEMD,4,
LTFM,1,
LTFM,2,
LTFM,3,
LTFM,4,
LSZH,1,A0140/24,A0142/24,A0112/24,A0111/24
LSZH,2,A0112/24,A0111/24
LSZH,3,
LSZH,4,A0313/24
EDDM,1,A1217/24,A1011/24,A1219/24,A0745/24
EDDM,2,A1453/24,A1391/24,A1343/24,A1313/24,A1312/24,A1314/24,A1011/24,A1219/24,A0745/24,A2827/23
EDDM,3,A2827/23
EDDM,4,A0313/24
LIRF,1,A2004/24
LIRF,2,A1771/24,A1330/24
LIRF,3,A2004/24
LIRF,4,A0471/24,A1815/24
EIDW,1,A0646/24,A0648/24
EIDW,2,A0391/24,A0132/24,A0133/24,A0133/24
EIDW,3,A0648/24,A0644/24,A0646/24
EIDW,4,
EGKK,1,
EGKK,2,
EGKK,3,
EGKK,4,H0899/24
LSGG,1,
LSGG,2,
LSGG,3,
LSGG,4,
LIML,1,A1953/24
LIML,2,A1270/24,A1898/24
LIML,3,A1953/24
LIML,4,A0313/24,A1289/24,A1460/24
ELLX,1,A1124/24,A0705/24,A0706/24,A0706/24,A0784/24,A0783/24
ELLX,2,A1124/24
ELLX,3,A0705/24,A0706/24
ELLX,4,A0313/24
LFML,1,A1117/24,A1124/24
LFML,2,A1124/24,A1148/24
LFML,3,A1117/24,A0275/24,A0274/24,A0272/24
LFML,4,A0313/24
LFMN,1,A1210/24
LFMN,2,A1210/24
LFMN,3,A1211/24,A1210/24,A6378/23,A1153/24,A1153/24
LFMN,4,A0313/24,P1030/24,P0941/24
LPPR,1,
LPPR,2,
LPPR,3,
LPPR,4,
EGPH,1,
EGPH,2,A1636/24,A0823/24,A1898/24,A1020/24
EGPH,3,
EGPH,4,H1204/24,H1202/24,H1191/24,H1189/24
EGBB,1,
EGBB,2,C0362/24
EGBB,3,
EGBB,4,J0524/24,H0245/24
EGHI,1,
EGHI,2,C1501/24,C1144/24
EGHI,3,
EGHI,4,A0313/24
RJTT,1,J0613/24,J0090/24
RJTT,2,J0090/24,J0091/24
RJTT,3,J0447/24,J0445/24,J0613/24
RJTT,4,J0436/24,J0450/24,J0568/24,J0435/24,J0434/24
ZBAA,1,E3642/23,E3640/23
ZBAA,2,E3642/23,E3640/23
ZBAA,3,E0497/24,E0495/24
ZBAA,4,Y01/19,E0389/24
OMDB,1,A0980/24
OMDB,2,
OMDB,3,
OMDB,4,A0472/24,A1045/24,A1044/24,A0819/24,A0472/24,A1045/24,A1044/24,A0819/24
VHHH,1,
VHHH,2,
VHHH,3,
VHHH,4,
ZSPD,1,F1605/24,F1599/24,F1498/24
ZSPD,2,
ZSPD,3,F1605/24,F1599/24,F1498/24,F1575/24
ZSPD,4,F0519/24
WSSS,1,
WSSS,2,
WSSS,3,
WSSS,4,A0472/24
RKSI,1,
RKSI,2,
RKSI,3,
RKSI,4,
WMKK,1,
WMKK,2,
WMKK,3,
WMKK,4,A0933/24,A0064/24,A4735/23,A0846/24,A0403/24,A0410/24
VTBS,1,
VTBS,2,
VTBS,3,A0666/24
VTBS,4,A0472/24
VIDP,1,A0716/24,A0718/24,A0718/24,A0582/24
VIDP,2,G0460/23,G0465/23,G0469/23,G0268/24
VIDP,3,A0718/24,A0716/24,A0582/24
VIDP,4,A0735/24,A0473/24
VTSP,1,A0590/24,A0220/24
VTSP,2,A0499/24
VTSP,3,A0590/24,A0232/24,A0231/24,A0220/24,A0379/24
VTSP,4,A0472/24
WMKL,1,
WMKL,2,
WMKL,3,
WMKL,4,
VTSM,1,A0577/24
VTSM,2,
VTSM,3,A0577/24
VTSM,4,A0472/24
VRMM,1,
VRMM,2,
VRMM,3,
VRMM,4,
VVDN,1,
VVDN,2,J0381/24
VVDN,3,
VVDN,4,J0381/24
VLLB,1,A0044/24,A0047/24,A0027/24
VLLB,2,A0027/24
VLLB,3,A0044/24,A0027/24
VLLB,4,
VDSR,1,A0082/23
VDSR,2,
VDSR,3,
VDSR,4,
VOTV,1,A0675/24,A0443/24,A0733/24,A0733/24
VOTV,2,
VOTV,3,A0675/24,A0040/24
VOTV,4,A0702/24
VQPR,1,
VQPR,2,
VQPR,3,
VQPR,4,
VOGO,1,A0759/24,D0128/20,D0487/18,D0393/20,A0616/24
VOGO,2,G0383/23,G1915/18,G1200/18,G0247/15
VOGO,3,A0666/24
VOGO,4,D0487/18,D0128/20,A0616/24,D0393/20
